Row Labels,Sum of TotalSales
 4 PURPLE FLOCK DINNER CANDLES,5.1
 SET 2 TEA TOWELS I LOVE LONDON ,147.52
10 COLOUR SPACEBOY PEN,156.36
12 COLOURED PARTY BALLOONS,6.5
12 DAISY PEGS IN WOOD BOX,13.2
12 IVORY ROSE PEG PLACE SETTINGS,2.51
12 MESSAGE CARDS WITH ENVELOPES,24.93
12 PENCIL SMALL TUBE WOODLAND,80.28
12 PENCILS SMALL TUBE RED RETROSPOT,99.07
12 PENCILS SMALL TUBE SKULL,87.51
12 PENCILS TALL TUBE POSY,1.7
12 PENCILS TALL TUBE RED RETROSPOT,10.2
12 PENCILS TALL TUBE SKULLS,20.4
12 PENCILS TALL TUBE WOODLAND,4.21
15CM CHRISTMAS GLASS BALL 20 LIGHTS,41.91
20 DOLLY PEGS RETROSPOT,45
200 BENDY SKULL STRAWS,16.25
200 RED + WHITE BENDY STRAWS,16.25
3 GARDENIA MORRIS BOXED CANDLES,4.25
3 HOOK HANGER MAGIC GARDEN,15.6
3 HOOK PHOTO SHELF ANTIQUE WHITE,25.5
3 PIECE SPACEBOY COOKIE CUTTER SET,86.1
3 STRIPEY MICE FELTCRAFT,40.95
3 TIER CAKE TIN GREEN AND CREAM,44.85
3 TIER CAKE TIN RED AND CREAM,44.85
3 TRADITIONAl BISCUIT CUTTERS  SET,25.2
3 TRADITIONAL COOKIE CUTTERS  SET,25.2
36 DOILIES DOLLY GIRL,2.98
36 FOIL HEART CAKE CASES,48.31
36 FOIL STAR CAKE CASES ,29.4
36 PENCILS TUBE RED RETROSPOT,21.25
36 PENCILS TUBE SKULLS,7.5
36 PENCILS TUBE WOODLAND,22.5
3D CHRISTMAS STAMPS STICKERS ,12.5
3D DOG PICTURE PLAYING CARDS,2.95
3D HEARTS  HONEYCOMB PAPER GARLAND,11.82
3D SHEET OF CAT STICKERS,1.69
3D SHEET OF DOG STICKERS,1.69
3D TRADITIONAL CHRISTMAS STICKERS,30
4 IVORY DINNER CANDLES SILVER FLOCK,15.3
4 ROSE PINK DINNER CANDLES,15
4 SKY BLUE DINNER CANDLES,15
4 TRADITIONAL SPINNING TOPS,60.09
5 HOOK HANGER MAGIC TOADSTOOL,39.6
5 HOOK HANGER RED MAGIC TOADSTOOL,36.3
5 STRAND GLASS NECKLACE BLACK,12.7
5 STRAND GLASS NECKLACE CRYSTAL,38.1
6 CHOCOLATE LOVE HEART T-LIGHTS,136.38
6 EGG HOUSE PAINTED WOOD,16.13
6 RIBBONS ELEGANT CHRISTMAS ,129.21
6 RIBBONS EMPIRE  ,3.36
6 RIBBONS RUSTIC CHARM,124.35
6 RIBBONS SHIMMERING PINKS ,1.65
6 ROCKET BALLOONS ,1.3
60 CAKE CASES DOLLY GIRL DESIGN,6.22
60 CAKE CASES VINTAGE CHRISTMAS,112.54
60 TEATIME FAIRY CAKE CASES,108.69
72 SWEETHEART FAIRY CAKE CASES,55.36
A4 WALL TIDY BLUE OFFICE,2.98
ABSTRACT CIRCLE JOURNAL ,10.04
"ACRYLIC JEWEL ICICLE, PINK",3.36
ADVENT CALENDAR GINGHAM SACK,5.89
AGED GLASS SILVER T-LIGHT HOLDER,126
AIRLINE BAG VINTAGE JET SET BROWN,25.44
AIRLINE BAG VINTAGE JET SET RED,8.5
AIRLINE BAG VINTAGE JET SET WHITE,50.91
AIRLINE BAG VINTAGE TOKYO 78,72.13
AIRLINE BAG VINTAGE WORLD CHAMPION ,12.75
"AIRLINE LOUNGE,METAL SIGN",29.4
ALARM CLOCK BAKELIKE CHOCOLATE,60
ALARM CLOCK BAKELIKE GREEN,453.99
ALARM CLOCK BAKELIKE IVORY,135.12
ALARM CLOCK BAKELIKE ORANGE,108.99
ALARM CLOCK BAKELIKE PINK,157.62
ALARM CLOCK BAKELIKE RED ,513.99
ALPHABET STENCIL CRAFT,15
AMBER CHUNKY GLASS+BEAD NECKLACE,11.95
AMETHYST DIAMANTE EXPANDABLE RING,4.25
AMETHYST GLASS/SHELL/PEARL NECKLACE,9.34
AMETHYST HOOP EARRING FLORAL LEAF,2.95
ANGEL DECORATION 3 BUTTONS ,0.85
ANGEL DECORATION STARS ON DRESS,3.37
ANT COPPER RED BOUDICCA BRACELET,10.18
ANT COPPER TURQ BOUDICCA BRACELET,10.18
ANT WHITE WIRE HEART SPIRAL,39.5
ANTIQUE ALL GLASS CANDLESTICK,20.08
ANTIQUE GLASS DRESSING TABLE POT,82.64
ANTIQUE GLASS HEART DECORATION ,5.85
ANTIQUE GLASS PEDESTAL BOWL,67.74
ANTIQUE SILVER TEA GLASS ENGRAVED,90.07
ANTIQUE SILVER TEA GLASS ETCHED,402.04
ANTIQUE TALL SWIRLGLASS TRINKET POT,120.24
APPLE BATH SPONGE,142.51
AREA PATROLLED METAL SIGN,6.31
ARMY CAMO BOOKCOVER TAPE,2.1
"ART LIGHTS,FUNK MONKEY",74.61
ASS COL SMALL SAND GECKO P'WEIGHT,0.84
ASSORTED BOTTLE TOP  MAGNETS ,25.22
ASSORTED CAKES FRIDGE MAGNETS,7.8
ASSORTED COLOUR BIRD ORNAMENT,988.07
ASSORTED COLOUR LIZARD SUCTION HOOK,10.08
ASSORTED COLOUR MINI CASES,235.2
ASSORTED COLOUR T-LIGHT HOLDER,1021.02
ASSORTED COLOURS SILK FAN,18
ASSORTED CREEPY CRAWLIES,21.01
ASSORTED MINI MADRAS NOTEBOOK,2.51
ASSORTED TUTTI FRUTTI KEYRING BALL,1.66
ASSORTED TUTTI FRUTTI MIRROR,3.75
ASSORTED TUTTI FRUTTI NOTEBOOK,4.21
ASSORTED TUTTI FRUTTI SMALL PURSE,7.53
ASSTD DESIGN 3D PAPER STICKERS,51
ASSTD DESIGN RACING CAR PEN,10.08
BABUSHKA LIGHTS STRING OF 10,67.5
BABY BOOM RIBBONS ,3.75
BAG 125g SWIRLY MARBLES,83.17
BAG 250g SWIRLY MARBLES,2.51
BAG 500g SWIRLY MARBLES,38.07
BAKING SET SPACEBOY DESIGN,310.95
BALLOON ART MAKE YOUR OWN FLOWERS,1.95
BALLOON PUMP WITH 10 BALLOONS,31.2
BALLOON WATER BOMB PACK OF 35,16.8
BALLOONS  WRITING SET ,34.77
BANK ACCOUNT  GREETING  CARD ,5.04
Bank Charges,15
BASKET OF FLOWERS SEWING KIT,11.86
BASKET OF TOADSTOOLS,2.51
BATH BUILDING BLOCK WORD,160.62
BATHROOM METAL SIGN,18.87
BEACH HUT KEY CABINET,3.75
BEADED CRYSTAL HEART GREEN ON STICK,2.55
BEADED CRYSTAL HEART PINK ON STICK,0.85
BEADED CRYSTAL HEART PINK SMALL,2.51
BEWARE OF THE CAT METAL SIGN ,16.84
BIG DOUGHNUT FRIDGE MAGNETS,18.67
BINGO SET,26.37
BIRD BOX CHRISTMAS TREE DECORATION,1.7
BIRD DECORATION RED RETROSPOT,21.25
BIRD HOUSE HOT WATER BOTTLE,43.29
BIRDHOUSE GARDEN MARKER ,2.51
BIRDS MOBILE VINTAGE DESIGN,17.85
"BIRTHDAY CARD, RETRO SPOT",10.08
BIRTHDAY PARTY CORDON BARRIER TAPE,47.5
BISCUIT TIN VINTAGE RED,40.5
BLACK CANDELABRA T-LIGHT HOLDER,141.64
BLACK CHAMPAGNE GLASS,19.8
BLACK CHRISTMAS TREE 60CM,22.37
BLACK DIAMANTE EXPANDABLE RING,12.75
BLACK DIAMOND CLUSTER EARRINGS,2.96
BLACK DINER WALL CLOCK,17
BLACK EAR MUFF HEADPHONES,16.51
BLACK ENCHANTED FOREST PLACEMAT,187.44
BLACK GEMSTONE BRACELET,8.95
BLACK HEART CARD HOLDER,186.38
BLACK KITCHEN SCALES,68
BLACK LOVE BIRD CANDLE,45
BLACK LOVE BIRD T-LIGHT HOLDER,78.75
BLACK MINI TAPE MEASURE ,4.25
BLACK ORANGE SQUEEZER,5.04
BLACK PIRATE TREASURE CHEST,6.66
BLACK RECORD COVER FRAME,2078.43
BLACK SWEETHEART BRACELET,8.5
BLACK TEA TOWEL CLASSIC DESIGN,6.25
"BLACK TEA,COFFEE,SUGAR JARS",12.7
BLACK VINTAGE EARRINGS,4.24
BLACK WINE GLASS,19.8
BLACK/BLUE POLKADOT UMBRELLA,83.3
BLACK+WHITE NECKLACE W TASSEL,9.95
BLUE  DIAMANTE PEN IN GIFT BOX,4.95
BLUE 3 PIECE POLKADOT CUTLERY SET,78.75
BLUE BIRDHOUSE DECORATION,10.2
BLUE CALCULATOR RULER,5
BLUE CHARLIE+LOLA PERSONAL DOORSIGN,17.7
BLUE COAT RACK PARIS FASHION,44.55
BLUE DINER WALL CLOCK,51
BLUE DRAGONFLY HELICOPTER,64.64
BLUE DRAWER KNOB ACRYLIC EDWARDIAN,36.29
BLUE FELT HANGING HEART W FLOWER,1.66
BLUE GEISHA GIRL ,7.5
BLUE GIANT GARDEN THERMOMETER,23.8
BLUE GLASS CHUNKY CHARM BRACELET,8.95
BLUE GLASS GEMS IN BAG,3.32
BLUE HAPPY BIRTHDAY BUNTING,27.37
BLUE HARMONICA IN BOX ,106.3
BLUE JUICY FRUIT PHOTO FRAME,2.55
BLUE MURANO TWIST NECKLACE,10.17
BLUE NEW BAROQUE CANDLESTICK CANDLE,47.2
BLUE OWL SOFT TOY,2.95
BLUE PAISLEY NOTEBOOK,3.3
BLUE PAISLEY POCKET BOOK,5.95
BLUE PAISLEY SKETCHBOOK,7.62
BLUE PAISLEY TISSUE BOX,16.25
BLUE PAPER PARASOL ,2.95
BLUE PARTY BAGS ,27.3
BLUE PATCH PURSE PINK HEART,9.9
BLUE POLKADOT BOWL,10
BLUE POLKADOT COFFEE MUG,4.2
BLUE POLKADOT CUP,6.8
BLUE POLKADOT KIDS BAG,4.21
BLUE POLKADOT PLATE ,15.21
BLUE POLKADOT PUDDING BOWL,6.3
BLUE POLKADOT WASHING UP GLOVES,6.31
BLUE POLKADOT WRAP,85
BLUE POT PLANT CANDLE ,15.24
BLUE ROSE FABRIC MIRROR,1.25
BLUE SPOT CERAMIC DRAWER KNOB,37.5
BLUE STRIPE CERAMIC DRAWER KNOB,45
BLUE SWEETHEART BRACELET,12.73
BLUE TEA TOWEL CLASSIC DESIGN,2.5
BLUE VICTORIAN FABRIC OVAL BOX,2.52
BLUE/CREAM STRIPE CUSHION COVER ,30
BOHEMIAN COLLAGE STATIONERY SET,7.53
BOOM BOX SPEAKER BOYS,5.95
BOOM BOX SPEAKER GIRLS,5.95
BOOZE & WOMEN GREETING CARD ,10.93
BOTANICAL LAVENDER BIRTHDAY CARD,5.04
BOUDOIR SQUARE TISSUE BOX,1.25
BOX OF 24 COCKTAIL PARASOLS,41.24
BOX OF 6 ASSORTED COLOUR TEASPOONS,38.22
BOX OF VINTAGE ALPHABET BLOCKS,150.58
BOX OF VINTAGE JIGSAW BLOCKS ,19.8
BOYS ALPHABET IRON ON PATCHES,0.86
BOYS VINTAGE TIN SEASIDE BUCKET,25.46
BREAD BIN DINER STYLE IVORY,59.9
BREAD BIN DINER STYLE MINT,16.95
BREAD BIN DINER STYLE PINK,153.5
BREAD BIN DINER STYLE RED ,196.35
BRIGHT BLUES RIBBONS ,15
BROCADE RING PURSE ,16.41
BROCANTE COAT RACK,20.38
BROCANTE SHELF WITH HOOKS,32.25
BROWN  PIRATE TREASURE CHEST ,3.36
BROWN CHECK CAT DOORSTOP ,16.94
BUTTON BOX ,9.75
CABIN BAG VINTAGE PAISLEY,59.53
CACTI T-LIGHT CANDLES,39.9
CAKE PLATE LOVEBIRD WHITE,29.7
CAKE STAND LOVEBIRD 2 TIER WHITE,9.95
CAKE STAND VICTORIAN FILIGREE LARGE,8.47
CAKE STAND VICTORIAN FILIGREE MED,79.32
CAKE STAND VICTORIAN FILIGREE SMALL,8.42
CAKE STAND WHITE TWO TIER LACE,17
CAKES AND BOWS GIFT  TAPE,1.66
"CAKESTAND, 3 TIER, LOVEHEART",19.9
CALENDAR IN SEASON DESIGN,5.9
CALENDAR PAPER CUT DESIGN,14.76
CAMOUFLAGE DESIGN TEDDY,2.55
CAMOUFLAGE LED TORCH,341.1
CANDLEHOLDER PINK HANGING HEART,44.25
CANDY SHOP  STICKER SHEET,1.66
CARAVAN SQUARE TISSUE BOX,17.5
CARD BILLBOARD FONT,30.24
CARD BIRTHDAY COWBOY,5.04
CARD CAT AND TREE ,15.12
CARD CHRISTMAS VILLAGE,20.22
CARD CIRCUS PARADE,15.54
CARD DOG AND BALL ,10.08
CARD DOLLY GIRL ,15.97
CARD HOLDER GINGHAM HEART,-357.62
CARD I LOVE LONDON ,18.52
CARD MOTORBIKE SANTA,13.48
CARD PARTY GAMES ,14.33
CARD PSYCHEDELIC APPLES,20.16
CARDHOLDER GINGHAM STAR,30.48
CARDHOLDER HOLLY WREATH METAL,3.75
CAROUSEL DESIGN WASHBAG,4.21
CARRIAGE,50
CARROT CHARLIE+LOLA COASTER SET,5.9
CAST IRON HOOK GARDEN FORK,5.06
CAST IRON HOOK GARDEN TROWEL,5.06
CERAMIC BIRDHOUSE CRESTED TIT SMALL,5.91
CERAMIC CAKE BOWL + HANGING CAKES,23.61
CERAMIC CAKE DESIGN SPOTTED MUG,17.88
CERAMIC CAKE STAND + HANGING CAKES,130.68
CERAMIC CHERRY CAKE MONEY BANK,22.21
CERAMIC HEART FAIRY CAKE MONEY BANK,41.52
CERAMIC PIRATE CHEST MONEY BANK,46.4
CERAMIC STRAWBERRY CAKE MONEY BANK,241.36
CERAMIC STRAWBERRY DESIGN MUG,60
CERAMIC STRAWBERRY MONEY BOX,15.3
CHALKBOARD KITCHEN ORGANISER,51.02
CHARLIE & LOLA WASTEPAPER BIN FLORA,60
CHARLIE + LOLA BISCUITS TINS,35.36
CHARLIE + LOLA RED HOT WATER BOTTLE,46.3
CHARLIE AND LOLA FIGURES TINS,9.95
CHARLIE AND LOLA TABLE TINS,9.95
CHARLIE LOLA BLUE HOT WATER BOTTLE ,22.37
CHARLIE+LOLA MY ROOM DOOR SIGN,15.3
CHARLIE+LOLA PINK HOT WATER BOTTLE,92.11
CHARLIE+LOLA RED HOT WATER BOTTLE ,72.64
"CHARLIE+LOLA""EXTREMELY BUSY"" SIGN",15.3
CHARLOTTE BAG DOLLY GIRL DESIGN,27.2
CHARLOTTE BAG PINK POLKADOT,33.4
CHARLOTTE BAG SUKI DESIGN,66.1
CHERRY BLOSSOM  DECORATIVE FLASK,16.94
CHERRY BLOSSOM LUGGAGE TAG,2.51
CHERRY BLOSSOM PASSPORT COVER,8.41
CHERRY CROCHET FOOD COVER,3.75
CHEST 7 DRAWER MA CAMPAGNE,24.95
CHEST OF DRAWERS GINGHAM HEART ,67.8
CHICK GREY HOT WATER BOTTLE,231.27
CHILDRENS APRON APPLES DESIGN,88.37
CHILDREN'S APRON DOLLY GIRL ,31.52
CHILDRENS APRON SPACEBOY DESIGN,49.06
CHILDREN'S CIRCUS PARADE MUG,26.46
CHILDRENS DOLLY GIRL MUG,59.64
CHILDRENS GARDEN GLOVES BLUE,1.25
CHILDRENS SPACEBOY MUG,19.8
CHILDREN'S SPACEBOY MUG,39.72
CHILDS BREAKFAST SET CIRCUS PARADE,25.5
CHILDS BREAKFAST SET DOLLY GIRL ,80.08
CHILDS BREAKFAST SET SPACEBOY ,119.4
CHILDS GARDEN BRUSH PINK,16.81
CHILDS GARDEN RAKE PINK,4.21
CHILDS GARDEN SPADE BLUE,6.3
CHILDS GARDEN SPADE PINK,4.21
CHILLI LIGHTS,1353.15
CHINESE DRAGON PAPER LANTERNS,60.48
CHOC TRUFFLE GOLD TRINKET POT ,3.36
CHOCOLATE 3 WICK MORRIS BOX CANDLE,4.25
CHOCOLATE BOX RIBBONS ,38.77
CHOCOLATE CALCULATOR,49.68
CHOCOLATE HOT WATER BOTTLE,258.05
CHOCOLATE THIS WAY METAL SIGN,79.81
CHRISTMAS CARD SCREEN PRINT ,5.47
CHRISTMAS CARD SINGING ANGEL,5.04
CHRISTMAS CARD STACK OF PRESENTS,10.08
CHRISTMAS CRAFT LITTLE FRIENDS,67.26
CHRISTMAS CRAFT TREE TOP ANGEL,50.48
CHRISTMAS CRAFT WHITE FAIRY ,6.26
CHRISTMAS DECOUPAGE CANDLE,25.5
"CHRISTMAS GARLAND STARS,TREES",3.75
CHRISTMAS GINGHAM HEART,57.76
CHRISTMAS GINGHAM STAR,34
CHRISTMAS GINGHAM TREE,45.05
CHRISTMAS HANGING HEART WITH BELL,21.26
CHRISTMAS HANGING STAR WITH BELL,28.78
CHRISTMAS HANGING TREE WITH BELL,7.52
CHRISTMAS LIGHTS 10 REINDEER,263.42
CHRISTMAS LIGHTS 10 SANTAS ,25.5
CHRISTMAS LIGHTS 10 VINTAGE BAUBLES,210.9
CHRISTMAS METAL POSTCARD WITH BELLS,16.13
CHRISTMAS METAL TAGS ASSORTED ,79.81
CHRISTMAS MUSICAL ZINC HEART ,10.2
CHRISTMAS MUSICAL ZINC STAR,10.2
CHRISTMAS PUDDING TRINKET POT ,56.02
CHRISTMAS RETROSPOT ANGEL WOOD,37.2
CHRISTMAS RETROSPOT HEART WOOD,32.26
CHRISTMAS RETROSPOT STAR WOOD,13.48
CHRISTMAS RETROSPOT TREE WOOD,19.35
CHRISTMAS TOILET ROLL,156.7
CHRISTMAS TREE DECORATION WITH BELL,38.84
CHRISTMAS TREE HEART DECORATION,11.18
CHRISTMAS TREE STAR DECORATION,40.13
CHRISTMAS TREE T-LIGHT HOLDER,2.9
CHRYSANTHEMUM NOTEBOOK,3.3
CHRYSANTHEMUM POCKET BOOK ,0.85
CHRYSANTHEMUM SKETCHBOOK ,7.5
CINAMMON & ORANGE WREATH,13.5
CINAMMON SET OF 9 T-LIGHTS,21.13
CIRCUS PARADE CHILDRENS EGG CUP ,41.28
CIRCUS PARADE LUNCH BOX ,51.01
CITRONELLA CANDLE GARDEN POT,1.25
CLAM SHELL LARGE,3.75
CLAM SHELL SMALL ,12.6
CLASSIC FRENCH STYLE BASKET NATURAL,6.75
CLASSIC METAL BIRDCAGE PLANT HOLDER,76.49
CLASSIC WHITE FRAME,35.4
CLASSICAL ROSE CANDLESTAND,30
CLASSICAL ROSE SMALL VASE,60
CLEAR ACRYLIC FACETED BANGLE,2.95
CLEAR DRAWER KNOB ACRYLIC EDWARDIAN,117.5
CLEAR MILKSHAKE GLASS,25.2
CLOTHES PEGS RETROSPOT PACK 24 ,254.01
COCKLE SHELL DISH,2.1
COFFEE MUG BLUE PAISLEY DESIGN,5.06
COFFEE MUG CAT + BIRD DESIGN,22.79
COFFEE MUG DOG + BALL DESIGN,15.18
COLOUR GLASS T-LIGHT HOLDER HANGING,93.48
COLOUR GLASS. STAR T-LIGHT HOLDER,26.27
COLOURING PENCILS BROWN TUBE,19.26
COLUMBIAN  CUBE CANDLE ,1.66
COLUMBIAN CANDLE RECTANGLE,7.5
COLUMBIAN CANDLE ROUND ,7.5
CONDIMENT TRAY 4 BOWLS AND 4 SPOONS,18.68
COOK WITH WINE METAL SIGN ,80.57
COOKING SET RETROSPOT,39.8
CORONA MEXICAN TRAY,72.22
COSMETIC BAG VINTAGE ROSE PAISLEY,84.02
COSY HOUR CIGAR BOX MATCHES ,15
COSY HOUR GIANT TUBE MATCHES,102
COSY SLIPPER SHOES LARGE GREEN,17.7
COSY SLIPPER SHOES SMALL  RED ,44.25
COSY SLIPPER SHOES SMALL GREEN,26.55
COWBOYS AND INDIANS BIRTHDAY CARD ,13.68
CRACKED GLAZE EARRINGS RED,2.54
CRACKED GLAZE NECKLACE RED,7.22
CRAZY DAISY HEART DECORATION,1.25
CREAM CUPID HEARTS COAT HANGER,352.25
CREAM HEART CARD HOLDER,315.75
CREAM SLICE FLANNEL CHOCOLATE SPOT ,17.7
CREAM SLICE FLANNEL PINK SPOT ,329.61
CREAM SWEETHEART EGG HOLDER,15.97
CREAM SWEETHEART LETTER RACK,54.74
CREAM SWEETHEART MINI CHEST,0
CREAM SWEETHEART WALL CABINET,18.95
CREAM WALL PLANTER HEART SHAPED,30.57
CRYSTAL DIAMANTE STAR BROOCH,5.09
CUPCAKE LACE PAPER SET 6,64.35
CURIOUS  IMAGES NOTEBOOK SET,12.75
CUSHION COVER PINK UNION JACK,11.9
CUT GLASS HEXAGON T-LIGHT HOLDER,10.2
CUTE CATS TAPE,7.8
DAIRY MAID  PUDDING BOWL,15
DAISY GARDEN MARKER,2.51
DARK BIRD HOUSE TREE DECORATION,1.28
"DECORATION HEN ON NEST, HANGING",19.8
DECORATIVE CATS BATHROOM BOTTLE,17.57
DECORATIVE FLORE BATHROOM BOTTLE,7.53
DECORATIVE PLANT POT WITH FRIEZE,23.85
DECORATIVE ROSE BATHROOM BOTTLE,10.04
DELUXE SEWING KIT ,245.57
DENIM PATCH PURSE PINK BUTTERFLY,9.9
DIAMANTE BOW BROOCH BLACK COLOUR,25.4
DIAMANTE BOW BROOCH GREEN COLOUR,31.75
DIAMANTE BOW BROOCH RED COLOUR,31.75
DIAMANTE HAIR GRIP PACK/2 BLACK DIA,3.3
DIAMANTE HAIR GRIP PACK/2 MONTANA,1.65
DIAMANTE HAIR GRIP PACK/2 RUBY,4.95
"DIAMANTE HEART SHAPED WALL MIRROR, ",49.27
DIAMOND LAS VEGAS NECKLACE 45CM,5.94
DINOSAUR LUNCH BOX WITH CUTLERY,15.3
DINOSAUR PARTY BAG + STICKER SET,13.2
DINOSAURS  WRITING SET ,1.65
DISCO BALL CHRISTMAS DECORATION,42.08
DISCO BALL ROTATOR BATTERY OPERATED,12.75
Discount,-27.5
DO NOT TOUCH MY STUFF DOOR HANGER ,17.4
DOCTOR'S BAG SOFT TOY,107.4
DOG BOWL CHASING BALL DESIGN,48.75
DOG TOY WITH PINK CROCHET SKIRT,4.21
DOLLY GIRL CHILDRENS EGG CUP,6.26
DOLLY GIRL LUNCH BOX,172.8
DOORMAT 3 SMILEY CATS,129.63
DOORMAT AIRMAIL ,83.4
DOORMAT BLACK FLOCK ,23.85
DOORMAT ENGLISH ROSE ,218.4
DOORMAT FAIRY CAKE,79.5
DOORMAT FANCY FONT HOME SWEET HOME,189.18
DOORMAT HEARTS,534.63
DOORMAT I LOVE LONDON,7.95
DOORMAT NEW ENGLAND,280.53
DOORMAT PEACE ON EARTH BLUE,31.8
DOORMAT RED RETROSPOT,550.53
DOORMAT RESPECTABLE HOUSE,99.3
DOORMAT SPOTTY HOME SWEET HOME,105.78
DOORMAT TOPIARY,99.3
DOORMAT UNION FLAG,153.48
DOORMAT UNION JACK GUNS AND ROSES,23.85
DOORMAT WELCOME PUPPIES,14.43
DOORMAT WELCOME TO OUR HOME,7.95
DOORSTOP RETROSPOT HEART,60.24
DOTCOM POSTAGE,1177.26
DOVE DECORATION PAINTED ZINC ,20.72
Dr. Jam's Arouzer Stress Ball,4.21
DRAGONS BLOOD INCENSE,0.43
DROP DIAMANTE EARRINGS CRYSTAL,5.91
DROP DIAMANTE EARRINGS GREEN,2.96
EASTER BUNNY GARLAND OF FLOWERS,0.85
EASTER DECORATION NATURAL CHICK,2.56
EDWARDIAN DROP EARRINGS JET BLACK,3.81
EDWARDIAN PARASOL BLACK,273.5
EDWARDIAN PARASOL NATURAL,242.25
EDWARDIAN PARASOL PINK,220.8
EDWARDIAN PARASOL RED,368.55
EIGHT PIECE DINOSAUR SET,2.5
"ELEPHANT, BIRTHDAY CARD, ",18.13
EMBOSSED GLASS TEALIGHT HOLDER,30
EMERGENCY FIRST AID TIN ,36.27
EMPIRE BIRTHDAY CARD,5.04
EMPIRE TISSUE BOX,5.02
EMPIRE UNION JACK TV DINNER TRAY,20.92
ENAMEL BREAD BIN CREAM,138.6
ENAMEL COLANDER CREAM,20.07
ENAMEL FIRE BUCKET CREAM,118.68
ENAMEL FLOWER JUG CREAM,53.52
ENAMEL MEASURING JUG CREAM,38.25
ENAMEL WASH BOWL CREAM,30
ENAMEL WATERING CAN CREAM,15.12
ENCHANTED BIRD COATHANGER 5 HOOK,37.2
ENGLISH ROSE HOT WATER BOTTLE,111.25
ENGLISH ROSE NOTEBOOK A7 SIZE,3.4
ENGLISH ROSE SPIRIT LEVEL ,3.9
ENVELOPE 50 BLOSSOM IMAGES,1.7
ENVELOPE 50 ROMANTIC IMAGES,1.7
EUCALYPTUS & PINECONE  WREATH,80.19
FAIRY CAKE BIRTHDAY CANDLE SET,30
FAIRY CAKE DESIGN UMBRELLA,30
FAIRY CAKE FLANNEL ASSORTED COLOUR,180.17
FAIRY CAKE NOTEBOOK A5 SIZE,3.32
FAIRY CAKES NOTEBOOK A6 SIZE,1.49
FAIRY CAKES NOTEBOOK A7 SIZE,3.4
FAIRY DREAMS INCENSE ,0.86
FAIRY SOAP SOAP HOLDER,20.28
FAIRY TALE COTTAGE NIGHTLIGHT,731.7
FAMILY ALBUM WHITE PICTURE FRAME,50.96
FAMILY PHOTO FRAME CORNICE,179.1
"FANCY FONT BIRTHDAY CARD, ",74.16
FANCY FONTS BIRTHDAY WRAP,10.5
FANNY'S REST STOPMETAL SIGN,58.82
FAUX FUR CHOCOLATE THROW,119.7
FAWN BLUE HOT WATER BOTTLE,144.58
"FEATHER PEN,COAL BLACK",42.46
"FEATHER PEN,HOT PINK",22.06
"FEATHER PEN,LIGHT PINK",20.4
FELT EGG COSY BLUE RABBIT ,7.57
FELT EGG COSY CHICKEN,5.83
FELT EGG COSY WHITE RABBIT ,4.17
FELT FARM ANIMAL WHITE BUNNY ,10.2
FELTCRAFT 6 FLOWER FRIENDS,65.13
FELTCRAFT BUTTERFLY HEARTS,103.12
FELTCRAFT CHRISTMAS FAIRY,123.1
FELTCRAFT CUSHION BUTTERFLY,90.36
FELTCRAFT CUSHION OWL,108.75
FELTCRAFT CUSHION RABBIT,105.12
FELTCRAFT DOLL EMILY,50.15
FELTCRAFT DOLL MARIA,17.7
FELTCRAFT DOLL MOLLY,20.65
FELTCRAFT DOLL ROSIE,23.6
FELTCRAFT HAIRBAND PINK AND BLUE,1.66
FELTCRAFT HAIRBAND PINK AND PURPLE,5.06
FELTCRAFT HAIRBAND RED AND BLUE,6.72
FELTCRAFT HAIRBANDS PINK AND WHITE ,4.21
FELTCRAFT PRINCESS CHARLOTTE DOLL,93.99
FELTCRAFT PRINCESS LOLA DOLL,60
FELTCRAFT PRINCESS OLIVIA DOLL,15.12
FILIGRIS HEART WITH BUTTERFLY,30
FINE WICKER HEART ,83.39
FIRST AID TIN,42.25
FIRST CLASS HOLIDAY PURSE ,2.51
FIRST CLASS PASSPORT COVER ,4.21
FIVE CATS HANGING DECORATION,11.82
FIVE HEART HANGING DECORATION,59.01
FLORAL FOLK STATIONERY SET,31
FLORAL SOFT CAR TOY,7.62
FLOWER BURST SILVER RING CRYSTAL,15
"FLOWER GLASS GARLD NECKL36""TURQUOIS",8.07
FLOWER VINE RAFFIA FOOD COVER,3.75
FLOWERS  STICKERS,5.1
FLUTED ANTIQUE CANDLE HOLDER,20.16
FLYING PIG WATERING CAN,17.7
FOLDING UMBRELLA CHOCOLATE POLKADOT,4.95
FOLDING UMBRELLA CREAM POLKADOT,9.9
FOLDING UMBRELLA PINKWHITE POLKADOT,9.9
FOLDING UMBRELLA RED/WHITE POLKADOT,30.24
FOLDING UMBRELLA WHITE/RED POLKADOT,4.95
FOLK ART METAL STAR T-LIGHT HOLDER,4.98
FOLKART CLIP ON STARS,1.66
FOLKART HEART NAPKIN RINGS,13.44
FOLKART ZINC HEART CHRISTMAS DEC,28.7
FOOD CONTAINER SET 3 LOVE HEART ,13.65
FOOD/DRINK SPONGE STICKERS,5.04
FOUR HOOK  WHITE LOVEBIRDS,14.7
FRENCH BATHROOM SIGN BLUE METAL,19.8
FRENCH BLUE METAL DOOR SIGN 1,12.5
FRENCH BLUE METAL DOOR SIGN 3,6.26
FRENCH BLUE METAL DOOR SIGN 5,25
FRENCH BLUE METAL DOOR SIGN No,1.25
FRENCH ENAMEL CANDLEHOLDER,4.21
FRENCH FLORAL CUSHION COVER ,9.32
FRENCH GARDEN SIGN BLUE METAL,2.51
FRENCH KITCHEN SIGN BLUE METAL,5.02
FRENCH LATTICE CUSHION COVER ,11.02
FRENCH PAISLEY CUSHION COVER ,9.32
FRENCH WC SIGN BLUE METAL,16.25
FRIDGE MAGNETS LA VIE EN ROSE,20.4
FRIDGE MAGNETS LES ENFANTS ASSORTED,20.4
FRIDGE MAGNETS US DINER ASSORTED,10.2
FROG SOCK PUPPET,2.95
FRUIT SALAD BAG CHARM,2.51
FRYING PAN UNION FLAG,196.94
FULL ENGLISH BREAKFAST PLATE,106.98
FUNKY DIVA PEN,18.26
FUNKY MONKEY GIFT BAG MEDIUM,1.7
FUNKY WASHING UP GLOVES ASSORTED,2.1
GAOLERS KEYS DECORATIVE GARDEN ,104.83
GARDEN METAL SIGN ,24.81
GARDEN PATH JOURNAL,7.61
GARDEN PATH POCKET BOOK,0.85
GARDEN PATH SKETCHBOOK,3.75
GARDENIA 3 WICK MORRIS BOXED CANDLE,4.25
GARLAND WITH STARS AND BELLS,15.12
GARLAND WOODEN HAPPY EASTER,2.5
GENTLEMAN SHIRT REPAIR KIT ,14.29
GIFT BAG PSYCHEDELIC APPLES,7.8
GIN & TONIC DIET GREETING CARD ,21.01
GIN + TONIC DIET METAL SIGN,39.92
GIN AND TONIC MUG,48.36
GINGERBREAD MAN COOKIE CUTTER,82.53
GINGHAM HEART  DOORSTOP RED,25.5
GINGHAM ROSE WRAP,10.5
GIRLS VINTAGE TIN SEASIDE BUCKET,20.4
GIRLY PINK TOOL SET,24.75
GLAMOROUS  MUG,15
GLASS  BEURRE DISH,52.49
GLASS BELL JAR LARGE,17
GLASS BELL JAR SMALL,15.8
GLASS CLOCHE LARGE,91.8
GLASS CLOCHE SMALL,89.26
GLASS HEART T-LIGHT HOLDER ,37
GLASS JAR DAISY FRESH COTTON WOOL,11.82
GLASS JAR DIGESTIVE BISCUITS,8.86
GLASS JAR ENGLISH CONFECTIONERY,17.72
GLASS JAR KINGS CHOICE,11.82
GLASS STAR FROSTED T-LIGHT HOLDER,442
GLITTER BUTTERFLY CLIPS,20.4
GLITTER CHRISTMAS HEART ,31.45
GLITTER CHRISTMAS TREE,11.05
GLITTER CHRISTMAS TREE WITH BELLS,4.21
GLITTER HEART GARLAND WITH BELLS ,7.62
GLITTER STAR GARLAND WITH BELLS ,15.24
GOLD FISHING GNOME,12.72
GOLD M.O.P ORBIT BRACELET,5.51
GOLD M.O.P ORBIT DROP EARRINGS,4.24
GOLD MINI TAPE MEASURE ,7.65
GOLD PRINT PAPER BAG,3.61
GRAND CHOCOLATECANDLE,332.01
GRASS HOPPER WOODEN WALL CLOCK ,5.91
GREEN 3 PIECE POLKADOT CUTLERY SET,56.25
GREEN CAT FLORAL CUSHION COVER ,10.17
GREEN CHRISTMAS TREE CARD HOLDER,51
GREEN CHRISTMAS TREE STRING 20LIGHT,19.8
GREEN DRAWER KNOB ACRYLIC EDWARDIAN,30
GREEN ENAMEL+GLASS HAIR COMB,2.11
GREEN FERN JOURNAL ,2.55
GREEN FERN NOTEBOOK,3.3
GREEN GEISHA GIRL ,7.5
GREEN GIANT GARDEN THERMOMETER,35.7
GREEN JUICY FRUIT PHOTO FRAME,2.55
GREEN MURANO TWIST BRACELET,4.24
GREEN POLKADOT BOWL,25
GREEN POLKADOT PLATE ,15.21
GREEN REGENCY TEACUP AND SAUCER,159.39
GREEN ROSE WASHBAG,10.08
GREY FLORAL FELTCRAFT SHOULDER BAG,37.5
GREY HEART HOT WATER BOTTLE,279.54
GROW YOUR OWN BASIL IN ENAMEL MUG,27.3
GROW YOUR OWN FLOWERS SET OF 3,15.9
GROW YOUR OWN PLANT IN A CAN ,134.27
GUMBALL COAT RACK,282.86
GUMBALL MAGAZINE RACK,45.88
GUMBALL MONOCHROME COAT RACK,40.67
HAND OPEN SHAPE GOLD,142.38
HAND OVER THE CHOCOLATE   SIGN ,155.41
HAND TOWEL PINK FLOWER AND DAISY,8.42
HAND WARMER BABUSHKA DESIGN,142.83
HAND WARMER BIRD DESIGN,582.96
HAND WARMER OWL DESIGN,744.68
HAND WARMER RED POLKA DOT,199.8
HAND WARMER RED RETROSPOT,589.22
HAND WARMER SCOTTY DOG DESIGN,776.18
HAND WARMER UNION JACK,633.6
HANGING BAUBLE T-LIGHT HOLDER LARGE,8.85
HANGING BAUBLE T-LIGHT HOLDER SMALL,226.8
HANGING CHICK  YELLOW DECORATION,1.45
HANGING GLASS ETCHED TEALIGHT,19.8
HANGING HEART MIRROR DECORATION ,15.6
HANGING HEART ZINC T-LIGHT HOLDER,116.39
HANGING JAM JAR T-LIGHT HOLDER,186.32
HANGING MEDINA LANTERN SMALL,23.6
HANGING METAL HEART LANTERN,59.4
HANGING METAL STAR LANTERN,99
HEADS AND TAILS SPORTING FUN,18.76
HEART DECORATION PAINTED ZINC ,27.22
HEART DECORATION RUSTIC HANGING ,13.77
HEART DECORATION WITH PEARLS ,4.98
HEART FILIGREE DOVE  SMALL,151.32
HEART FILIGREE DOVE LARGE,11.55
HEART GARLAND RUSTIC PADDED,16.8
HEART IVORY TRELLIS LARGE,71.01
HEART IVORY TRELLIS SMALL,63.76
HEART OF WICKER LARGE,140.36
HEART OF WICKER SMALL,328.34
HEART T-LIGHT HOLDER ,14.5
HEART WOODEN CHRISTMAS DECORATION,-87.28
HEARTS GIFT TAPE,3.32
HEN HOUSE DECORATION,19.8
HERB MARKER BASIL,7.87
HERB MARKER CHIVES ,7.22
HERB MARKER MINT,7.22
HERB MARKER PARSLEY,7.22
HERB MARKER ROSEMARY,6.57
HERB MARKER THYME,6.57
HI TEC ALPINE HAND WARMER,36.66
HOLIDAY FUN LUDO,15.24
HOME BUILDING BLOCK WORD,208.22
HOME GARLAND PAINTED ZINC ,3.36
HOME SMALL WOOD LETTERS,19.8
HOME SWEET HOME METAL SIGN ,5.91
HOME SWEET HOME MUG,23.75
HOMEMADE JAM SCENTED CANDLES,397.2
"HOOK, 1 HANGER ,MAGIC GARDEN",22.02
HOT BATHS METAL SIGN,54.61
HOT WATER BOTTLE BABUSHKA ,473.93
HOT WATER BOTTLE I AM SO POORLY,237.03
HOT WATER BOTTLE TEA AND SYMPATHY,473.17
HYACINTH BULB T-LIGHT CANDLES,20.16
I CAN ONLY PLEASE ONE PERSON MUG,49.61
IF YOU CAN'T STAND THE HEAT MUG,30
ILLUSTRATED CAT BOWL ,12.67
I'M ON HOLIDAY METAL SIGN,4.2
INFLATABLE POLITICAL GLOBE ,51.85
IVORY DINER WALL CLOCK,102
IVORY EMBROIDERED QUILT ,607.75
IVORY ENCHANTED FOREST PLACEMAT,43.62
IVORY GIANT GARDEN THERMOMETER,154.7
IVORY HANGING DECORATION  HEART,23.72
IVORY KITCHEN SCALES,135.98
IVORY KNITTED MUG COSY ,53.4
IVORY PAPER CUP CAKE CASES ,50.4
IVORY PILLAR CANDLE GOLD FLOCK,6.72
IVORY PILLAR CANDLE SILVER FLOCK,-10.98
IVORY STRING CURTAIN WITH POLE ,19.53
IVY HEART WREATH,74.53
JADE DROP EARRINGS W FILIGREE,5.09
JAM JAR WITH GREEN LID,78.72
JAM JAR WITH PINK LID,82
JAM MAKING SET PRINTED,510.65
JAM MAKING SET WITH JARS,423.79
JARDIN ETCHED GLASS BUTTER DISH,7.25
JAZZ HEARTS ADDRESS BOOK,0.84
JAZZ HEARTS PURSE NOTEBOOK,19.51
JINGLE BELLS TREE DECORATION,9.22
JOY LARGE WOOD LETTERS,9.95
JOY WOODEN BLOCK LETTERS,14.85
JUMBO  BAG BAROQUE BLACK WHITE,244.95
JUMBO BAG CHARLIE AND LOLA TOYS,41.3
JUMBO BAG DOLLY GIRL DESIGN,45.78
JUMBO BAG OWLS,79.95
JUMBO BAG PINK POLKADOT,139.38
JUMBO BAG PINK VINTAGE PAISLEY,227.71
JUMBO BAG RED RETROSPOT,1032.32
JUMBO BAG SCANDINAVIAN PAISLEY,208.21
JUMBO BAG SPACEBOY DESIGN,7.8
JUMBO BAG STRAWBERRY,103.66
JUMBO BAG TOYS ,39
JUMBO BAG WOODLAND ANIMALS,58.5
JUMBO SHOPPER VINTAGE RED PAISLEY,261.47
JUMBO STORAGE BAG SKULLS,48.75
JUMBO STORAGE BAG SUKI,134.86
JUNGLE POPSICLES ICE LOLLY HOLDERS,5.02
KEEP OUT BOYS DOOR HANGER ,20.3
KEY CABINET MA CAMPAGNE,19.9
"KEY FOB , BACK DOOR ",33.8
"KEY FOB , FRONT  DOOR ",35.1
"KEY FOB , GARAGE DESIGN",35.46
"KEY FOB , SHED",31.2
KIDS RAIN MAC BLUE,20.4
KIDS RAIN MAC PINK,4.17
KINGS CHOICE BISCUIT TIN,29.72
KINGS CHOICE GIANT TUBE MATCHES,17.85
KINGS CHOICE MUG,18.36
KINGS CHOICE TEA CADDY ,17.7
KITCHEN METAL SIGN,16.31
KITTENS DESIGN FLANNEL,1.66
KITTY PENCIL ERASERS,0.86
KNITTED UNION FLAG HOT WATER BOTTLE,666.09
LADIES & GENTLEMEN METAL SIGN,68.81
LADLE LOVE HEART PINK,8.07
LADLE LOVE HEART RED ,4.25
LADS ONLY TISSUE BOX,425.02
LADYBIRD + BEE RAFFIA FOOD COVER,26.25
LANTERN CREAM GAZEBO ,14.85
LARGE CAKE STAND  HANGING STRAWBERY,19.9
LARGE CAKE STAND HANGING HEARTS,19.9
LARGE CAKE TOWEL PINK SPOTS,27.14
"LARGE CAKE TOWEL, CHOCOLATE SPOTS",13.57
LARGE CHINESE STYLE SCISSOR,8.5
LARGE HANGING IVORY & RED WOOD BIRD,15.58
LARGE HEART MEASURING SPOONS,67.95
LARGE POPCORN HOLDER ,262.61
LARGE PURPLE BABUSHKA NOTEBOOK  ,10.04
LARGE RED BABUSHKA NOTEBOOK ,7.53
LARGE ROUND WICKER PLATTER ,18.67
LARGE TAHITI BEACH BAG,11.87
LARGE WHITE HONEYCOMB PAPER BELL  ,50.51
LARGE YELLOW BABUSHKA NOTEBOOK ,2.51
LAUNDRY 15C METAL SIGN,42.33
LAVENDER INCENSE 40 CONES IN TIN,7.5
LAVENDER INCENSE IN TIN,1.25
LETS GO SHOPPING COTTON TOTE BAG,18.56
"LETTER ""A"" BLING KEY RING",1.7
"LETTER ""D"" BLING KEY RING",0.85
"LETTER ""E"" BLING KEY RING",0.85
"LETTER ""G"" BLING KEY RING",0.85
"LETTER ""H"" BLING KEY RING",1.7
"LETTER ""J"" BLING KEY RING",3.35
"LETTER ""M"" BLING KEY RING",1.25
"LETTER ""R"" BLING KEY RING",0.85
"LETTER ""S"" BLING KEY RING",2.1
"LETTER ""V"" BLING KEY RING",1.25
LIGHT GARLAND BUTTERFILES PINK,664.04
LILAC DIAMANTE PEN IN GIFT BOX,21.79
LILY BROOCH AMETHYST COLOUR,4.95
LIPSTICK PEN BABY PINK,1.7
LIPSTICK PEN FUSCHIA,7.59
LIPSTICK PEN RED,24.47
LITTLE GREEN MONSTER SOFT TOY,2.55
LOCAL CAFE MUG,17.16
LOLITA  DESIGN  COTTON TOTE BAG,13.5
LOVE BUILDING BLOCK WORD,124.92
LOVE GARLAND PAINTED ZINC ,19.8
LOVE HEART NAPKIN BOX ,50.94
LOVE HEART POCKET WARMER,14.97
LOVE HEART SOCK HANGER,1.65
LOVEBIRD HANGING DECORATION WHITE ,45.78
LOVELY BONBON STICKER SHEET,11.05
LUNCH BAG  BLACK SKULL.,274.82
LUNCH BAG CARS BLUE,37.95
LUNCH BAG DOLLY GIRL DESIGN,36.47
LUNCH BAG PINK POLKADOT,33.17
LUNCH BAG RED RETROSPOT,148.56
LUNCH BAG SPACEBOY DESIGN ,57.75
LUNCH BAG SUKI  DESIGN ,66.91
LUNCH BAG WOODLAND,8.25
LUNCH BOX I LOVE LONDON,696.31
LUNCH BOX WITH CUTLERY RETROSPOT ,35.66
MA CAMPAGNE CUTLERY BOX,44.85
MAGIC DRAWING SLATE BAKE A CAKE ,27.36
MAGIC DRAWING SLATE CIRCUS PARADE  ,29.49
MAGIC DRAWING SLATE DINOSAUR,10.93
MAGIC DRAWING SLATE DOLLY GIRL ,67.1
MAGIC DRAWING SLATE GO TO THE FAIR ,1.26
MAGIC DRAWING SLATE PURDEY,55.57
MAGIC DRAWING SLATE SPACEBOY ,74.11
MAGIC GARDEN FELT GARLAND ,8.42
MAGNETS PACK OF 4 CHILDHOOD MEMORY,15
MAGNETS PACK OF 4 HOME SWEET HOME,15
MAGNETS PACK OF 4 RETRO PHOTO,5.02
MAGNETS PACK OF 4 VINTAGE COLLAGE,15
MAKE YOUR OWN FLOWERPOWER CARD KIT,44.25
MAKE YOUR OWN MONSOON CARD KIT,64.91
MAKE YOUR OWN PLAYTIME CARD KIT,8.86
Manual,20.2
MEASURING TAPE BABUSHKA BLUE,134.95
MEASURING TAPE BABUSHKA PINK,153
MEASURING TAPE BABUSHKA RED,161.85
MEMO BOARD COTTAGE DESIGN,4.95
MEMO BOARD RETROSPOT  DESIGN,19.8
METAL 4 HOOK HANGER FRENCH CHATEAU,79.65
METAL DECORATION NAUGHTY CHILDREN ,27.08
METAL MERRY CHRISTMAS WREATH,17.55
METAL SIGN CUPCAKE SINGLE HOOK,10.04
METAL SIGN EMPIRE TEA,29.52
METAL SIGN HER DINNER IS SERVED ,8.86
METAL SIGN TAKE IT OR LEAVE IT ,70.81
"METAL SIGN,CUPCAKE SINGLE HOOK",10.04
MIDNIGHT BLUE PAIR HEART HAIR SLIDE,3.81
MIDNIGHT GLAMOUR SCARF KNITTING KIT,2.51
MILK BOTTLE WITH GLASS STOPPER ,6.95
MILK PAN PINK POLKADOT,7.5
MILK PAN RED RETROSPOT,7.62
MINI CAKE STAND T-LIGHT HOLDER,10.08
MINI CAKE STAND WITH HANGING CAKES,26.56
MINI FUNKY DESIGN TAPES,1.7
MINI JIGSAW BAKE A CAKE ,10.08
MINI JIGSAW BUNNIES,0.85
MINI JIGSAW CIRCUS PARADE ,31.09
MINI JIGSAW DINOSAUR ,10.93
MINI JIGSAW DOLLY GIRL,14.33
MINI JIGSAW SPACEBOY,31.09
MINI PAINT SET VINTAGE ,243
MINI PAINTED GARDEN DECORATION ,6.64
MINI WOODEN HAPPY BIRTHDAY GARLAND,20.28
MINT GREEN ROSE TOWEL,16.8
MINT KITCHEN SCALES,51
MIRROR LOVE BIRD T-LIGHT HOLDER,48.75
MIRRORED DISCO BALL ,11.9
MIRRORED WALL ART FOXY,12.7
MIRRORED WALL ART GENTS,2.55
MIRRORED WALL ART PHOTO FRAMES,8.47
MIRRORED WALL ART SKULLS,15
MIRRORED WALL ART SPLODGES,11.37
MIRRORED WALL ART STARS,23.61
MIRRORED WALL ART TABLE LAMP,8.86
MIXED NUTS LIGHT GREEN BOWL,2.51
MOBILE VINTAGE HEARTS ,16.82
MOCK LOBSTER FRIDGE MAGNET,1.66
MODERN FLORAL STATIONERY SET,12.99
MONEY BOX BISCUITS DESIGN,2.51
MONEY BOX CONFECTIONERY DESIGN,15
MONEY BOX KINGS CHOICE DESIGN,15
MONEY BOX POCKET MONEY DESIGN,17.51
MONSTERS STENCIL CRAFT,1.25
MOODY BOY  DOOR HANGER ,17.4
MOODY GIRL DOOR HANGER ,24.12
MOUSE TOY WITH PINK T-SHIRT,12.63
MOUSEY LONG LEGS SOFT TOY,10.12
MULTI COLOUR SILVER T-LIGHT HOLDER,61.2
MULTICOLOUR  CONFETTI IN TUBE,1.65
MURANO STYLE GLASS BRACELET BLACK,3.81
NAMASTE SWAGAT INCENSE,144
NATURAL SLATE HEART CHALKBOARD ,212.46
NATURAL SLATE RECTANGLE CHALKBOARD,19.8
NECKLACE+BRACELET SET BLUE HIBISCUS,5.06
NEW BAROQUE B'FLY NECKLACE GREEN,8.49
NEWSPAPER STAND,14.95
NO JUNK MAIL METAL SIGN,1.25
NO SINGING METAL SIGN,50.4
NOEL WOODEN BLOCK LETTERS ,107.07
NOVELTY BISCUITS CAKE STAND 3 TIER,20.38
NUMBER TILE COTTAGE GARDEN 1,-1.95
NUMBER TILE COTTAGE GARDEN 2,4.21
NUMBER TILE COTTAGE GARDEN 8,6.16
NUMBER TILE COTTAGE GARDEN 9,-1.95
NUMBER TILE COTTAGE GARDEN No,-2.1
"NURSERY A,B,C PAINTED LETTERS",6.75
OFFICE MUG WARMER BLACK+SILVER ,32.47
OFFICE MUG WARMER CHOC+BLUE,29.52
OFFICE MUG WARMER PINK,17.7
OFFICE MUG WARMER POLKADOT,11.81
OLD ROSE COMBO BEAD NECKLACE,2.96
ORANGE SCENTED SET/9 T-LIGHTS,6.8
ORGANISER WOOD ANTIQUE WHITE ,17
ORIGAMI JASMINE INCENSE/CANDLE SET,7.53
ORIGAMI LAVENDER INCENSE/CANDL SET ,5.02
ORIGAMI OPIUM INCENSE/CANDLE SET ,5.02
ORIGAMI ROSE INCENSE/CANDLE SET ,5.02
ORIGAMI SANDLEWOOD INCENSE/CAND SET,5.02
ORIGAMI SANDLEWOOD INCENSE+FLOWER,4.21
ORIGAMI VANILLA INCENSE CONES,3.36
ORIGAMI VANILLA INCENSE/CANDLE SET ,10.04
OVEN MITT APPLES DESIGN,4.43
OVERNIGHT BAG VINTAGE ROSE PAISLEY,15.97
OWL DOORSTOP,28.27
PACK 20 ENGLISH ROSE PAPER NAPKINS,3.32
PACK 3 BOXES BIRD PANNETONE ,69.18
PACK 3 BOXES CHRISTMAS PANNETONE,138.05
PACK 3 FIRE ENGINE/CAR PATCHES,15
PACK OF 12 BLUE PAISLEY TISSUES ,6.96
PACK OF 12 CIRCUS PARADE TISSUES ,13.92
PACK OF 12 COLOURED PENCILS,84.15
PACK OF 12 HEARTS DESIGN TISSUES ,5.78
PACK OF 12 LONDON TISSUES ,191.92
PACK OF 12 PINK PAISLEY TISSUES ,8.1
PACK OF 12 PINK POLKADOT TISSUES,10.44
PACK OF 12 RED RETROSPOT TISSUES ,17.69
PACK OF 12 SKULL TISSUES,25.52
PACK OF 12 SPACEBOY TISSUES,14.77
PACK OF 12 STICKY BUNNIES,7.8
PACK OF 12 SUKI TISSUES ,30.97
PACK OF 12 TRADITIONAL CRAYONS,23.97
PACK OF 12 WOODLAND TISSUES ,15.35
PACK OF 20 NAPKINS PANTRY DESIGN,0.85
PACK OF 20 SKULL PAPER NAPKINS,10.2
PACK OF 6 BIRDY GIFT TAGS,245
PACK OF 6 HANDBAG GIFT BOXES,30.52
PACK OF 6 PANNETONE GIFT BOXES,20.36
PACK OF 6 SKULL PAPER CUPS,7.8
PACK OF 6 SKULL PAPER PLATES,10.2
PACK OF 6 SWEETIE GIFT BOXES,22.83
PACK OF 60 DINOSAUR CAKE CASES,54.96
PACK OF 60 MUSHROOM CAKE CASES,2.38
PACK OF 60 PINK PAISLEY CAKE CASES,133.56
PACK OF 60 SPACEBOY CAKE CASES,13.2
PACK OF 72 RETROSPOT CAKE CASES,324
PACK OF 72 SKULL CAKE CASES,57.19
PAINT YOUR OWN CANVAS SET,79.2
PAINTED LIGHTBULB STAR+ MOON,0.84
PAINTED METAL HEART WITH HOLLY BELL,16.11
PAINTED METAL PEARS ASSORTED,13.52
PAINTED METAL STAR WITH HOLLY BELLS,4.35
PAIR BUTTERFLY HAIR CLIPS,3.81
PAIR OF ENAMEL BUTTERFLY HAIRCLIP,3.35
PAISLEY PATTERN  STICKERS,5.1
PANDA AND BUNNIES STICKER SHEET,20.4
PAPER BUNTING COLOURED LACE,8.85
PAPER BUNTING RETROSPOT,47.22
PAPER BUNTING VINTAGE PAISLEY,17.7
PAPER BUNTING WHITE LACE,20.67
PAPER CHAIN KIT 50'S CHRISTMAS ,1276.3
PAPER CHAIN KIT EMPIRE,59.01
PAPER CHAIN KIT LONDON,8.85
PAPER CHAIN KIT RETROSPOT,109.21
PAPER CHAIN KIT VINTAGE CHRISTMAS,802.19
PAPERWEIGHT KINGS CHOICE ,5.06
PAPERWEIGHT VINTAGE COLLAGE,5.06
PARTY CONE CHRISTMAS DECORATION ,-45.94
PARTY CONES CANDY ASSORTED,22.5
PARTY CONES CARNIVAL ASSORTED,15
PARTY INVITES BALLOON GIRL,10.2
PARTY INVITES DINOSAURS,10.2
PARTY INVITES FOOTBALL,20.4
PARTY INVITES JAZZ HEARTS,20.4
PARTY INVITES SPACEMAN,20.4
PARTY INVITES WOODLAND,10.2
PARTY METAL SIGN ,17.4
PARTY PIZZA DISH BLUE POLKADOT,1.66
PARTY PIZZA DISH RED RETROSPOT,5.1
PARTY TIME PENCIL ERASERS,8.46
PASTEL COLOUR HONEYCOMB FAN,3.36
PEACE SMALL WOOD LETTERS,33.75
PEACE WOODEN BLOCK LETTERS,48.65
PEG BAG APPLES DESIGN,2.55
PENCIL CASE LIFE IS BEAUTIFUL,11.8
PENNY FARTHING BIRTHDAY CARD,10.08
PENS ASSORTED FUNNY FACE,30.6
PHARMACIE FIRST AID TIN,13.57
PHOTO CLIP LINE,5
PHOTO CUBE,130.86
PHOTO FRAME 3 CLASSIC HANGING,19.9
PHOTO FRAME CORNICE,26.55
PICNIC BASKET WICKER LARGE,42.46
PICNIC BASKET WICKER SMALL,124.95
PICTURE DOMINOES,109.21
PICTURE FRAME WOOD TRIPLE PORTRAIT,20.25
PIG KEYRING WITH LIGHT & SOUND ,2.51
PIGGY BANK RETROSPOT ,119.81
PIN CUSHION BABUSHKA BLUE,10.05
PIN CUSHION BABUSHKA PINK,20.1
PIN CUSHION BABUSHKA RED,10.05
PINK  HEART SHAPE LOVE BUCKET ,11.82
PINK  HONEYCOMB PAPER BALL ,21.05
PINK  POLKADOT CUP,13.6
PINK  POLKADOT PLATE ,1.69
PINK & WHITE BREAKFAST TRAY,5.95
PINK & WHITE ROSEBUD RING,4.24
PINK 3 PIECE POLKADOT CUTLERY SET,97.5
PINK AND WHITE CHRISTMAS TREE 120CM,11.82
PINK BABY BUNTING,5.91
PINK B'FLY C/COVER W BOBBLES,5.95
PINK BLUE FELT CRAFT TRINKET BOX,218.9
PINK BREAKFAST CUP AND SAUCER ,8.86
PINK BUTTERFLY HANDBAG W BOBBLES,8.42
PINK CHRISTMAS FLOCK DROPLET ,2.51
PINK CREAM FELT CRAFT TRINKET BOX ,56.28
PINK DIAMANTE PEN IN GIFT BOX,16.84
PINK DOUGHNUT TRINKET POT ,49.68
PINK DRAWER KNOB ACRYLIC EDWARDIAN,70
PINK ENAMEL+GLASS HAIR COMB,2.11
PINK FAIRY CAKE CHILDRENS APRON,132.49
PINK FELT HANGING HEART W FLOWER,1.66
PINK FLORAL FELTCRAFT SHOULDER BAG,45
PINK FLOWER CROCHET FOOD COVER,3.75
PINK FLOWER FABRIC PONY,3.75
PINK GLASS TASSLE BAG CHARM ,3.32
PINK HAPPY BIRTHDAY BUNTING,76.42
PINK HEART DOTS HOT WATER BOTTLE,44.93
PINK HEART SHAPE EGG FRYING PAN,312.63
PINK HEART SHAPE PHOTO FRAME,3.3
PINK HEARTS PAPER GARLAND,3.3
PINK HORSE SOCK PUPPET,2.95
PINK MARSHMALLOW SCARF KNITTING KIT,91.8
PINK NEW BAROQUECANDLESTICK CANDLE,17.71
PINK OVAL JEWELLED MIRROR,5.95
PINK OWL SOFT TOY,-2.95
PINK PAISLEY SQUARE TISSUE BOX ,1.25
PINK PARTY BAGS,31.51
PINK POLKADOT BOWL,10
PINK POLKADOT CHILDRENS UMBRELLA,6.77
PINK POLKADOT WRAP ,36
PINK ROSE FABRIC MIRROR,47.51
PINK SWEETHEART BRACELET,17
PINK TALL PORCELAIN T-LIGHT HOLDER ,2.55
PINK UNION JACK  LUGGAGE TAG,2.5
PINK/PURPLE RETRO RADIO,8.42
PINK/WHITE CHRISTMAS TREE 60CM,18.11
PINK/YELLOW FLOWERS HANDBAG,7.5
PIZZA PLATE IN BOX,52.62
PLACE SETTING WHITE HEART,7.14
PLACE SETTING WHITE STAR,15.12
PLASTERS IN TIN CIRCUS PARADE ,59.4
PLASTERS IN TIN SKULLS,38.07
PLASTERS IN TIN SPACEBOY,112.2
PLASTERS IN TIN STRONGMAN,343.26
PLASTERS IN TIN VINTAGE PAISLEY ,97.41
PLASTERS IN TIN WOODLAND ANIMALS,69.3
PLEASE ONE PERSON METAL SIGN,113.42
POLKA DOT RAFFIA FOOD COVER,3.75
POLKADOT MUG PINK ,9.9
POLKADOT PEN,103.18
POLKADOT RAIN HAT ,65.51
POLYESTER FILLER PAD 40x40cm,4.35
POLYESTER FILLER PAD 45x30cm,2.9
POLYESTER FILLER PAD 45x45cm,15.5
POPPY'S PLAYHOUSE BATHROOM,4.21
POPPY'S PLAYHOUSE BEDROOM ,69.32
POPPY'S PLAYHOUSE KITCHEN,39.92
POPPY'S PLAYHOUSE LIVINGROOM ,14.72
PORCELAIN BUTTERFLY OIL BURNER,11.82
PORCELAIN HANGING BELL SMALL,-1.45
PORCELAIN ROSE LARGE ,15
PORCELAIN ROSE SMALL,27.2
PORCELAIN T-LIGHT HOLDERS ASSORTED,7.53
POSTAGE,87
POTTERING IN THE SHED METAL SIGN,44.45
POTTING SHED SEED ENVELOPES,6.26
POTTING SHED SOW 'N' GROW SET,4.25
POTTING SHED TEA MUG,21.72
POTTING SHED TWINE,4.21
PURPLE DRAWERKNOB ACRYLIC EDWARDIAN,38.78
PURPLE GEMSTONE BRACELET,8.95
PURPLE GEMSTONE NECKLACE 45CM,12.75
PURPLE SWEETHEART BRACELET,12.74
RAIN PONCHO RETROSPOT,3.32
RAINBOW PEGS PHOTO CLIP STRING,0.65
RAINY LADIES BIRTHDAY CARD,10.08
RECIPE BOX BLUE SKETCHBOOK DESIGN,64.92
RECIPE BOX PANTRY YELLOW DESIGN,126.88
RECIPE BOX RETROSPOT ,109.15
RECIPE BOX WITH METAL HEART,71.55
"RECORD FRAME 7"" SINGLE SIZE ",474.6
RECTANGULAR SHAPED MIRROR,3.36
RECYCLED PENCIL WITH RABBIT ERASER,10.08
RECYCLING BAG RETROSPOT ,117.64
RED  HARMONICA IN BOX ,1676.55
RED 3 PIECE RETROSPOT CUTLERY SET,101.25
RED BABY BUNTING ,38.39
RED CHARLIE+LOLA PERSONAL DOORSIGN,36.48
RED COAT RACK PARIS FASHION,14.85
RED DAISY POCKET BOOK ,0.85
RED DINER WALL CLOCK,51
RED DRAGONFLY HELICOPTER,8.47
RED DRAWER KNOB ACRYLIC EDWARDIAN,105
RED ENCHANTED FOREST PLACEMAT,21.57
RED FLOCK LOVE HEART PHOTO FRAME,3.4
RED FLORAL FELTCRAFT SHOULDER BAG,41.49
RED FLOWER CROCHET FOOD COVER,3.75
RED GINGHAM ROSE JEWELLERY BOX,84.63
RED GLASS TASSLE BAG CHARM,2.95
RED HANGING HEART T-LIGHT HOLDER,287.1
RED HEART LUGGAGE TAG,3.76
RED HEART SHAPE LOVE BUCKET ,29.52
RED KITCHEN SCALES,161.44
RED METAL BEACH SPADE ,17.51
RED POLKADOT COFFEE  MUG,6.3
RED POLKADOT PUDDING BOWL,6.3
RED RETROSPOT APRON ,35.7
RED RETROSPOT BOWL,17.51
RED RETROSPOT BUTTER DISH,29.7
RED RETROSPOT CAKE STAND,142.35
RED RETROSPOT CHARLOTTE BAG,15.99
RED RETROSPOT CHILDRENS UMBRELLA,16.79
RED RETROSPOT CUP,18.54
RED RETROSPOT LUGGAGE TAG,2.51
RED RETROSPOT MINI CASES,190.8
RED RETROSPOT MUG,70.83
RED RETROSPOT OVEN GLOVE ,224.53
RED RETROSPOT OVEN GLOVE DOUBLE,38.37
RED RETROSPOT PEG BAG,12.6
RED RETROSPOT PLATE ,1.69
RED RETROSPOT PUDDING BOWL,33.94
RED RETROSPOT PURSE ,11.8
RED RETROSPOT ROUND CAKE TINS,100.83
RED RETROSPOT SHOPPER BAG,15.01
RED RETROSPOT SUGAR JAM BOWL,5.1
RED RETROSPOT TAPE,14.3
RED RETROSPOT TISSUE BOX,22.5
RED RETROSPOT TRADITIONAL TEAPOT ,26.85
RED RETROSPOT UMBRELLA,114.69
RED RETROSPOT WRAP ,106
RED SHARK HELICOPTER,24.37
RED SPOT CERAMIC DRAWER KNOB,35.02
RED SPOTTY BISCUIT TIN,27.22
RED STAR CARD HOLDER,32.45
RED STRIPE CERAMIC DRAWER KNOB,37.5
RED TEA TOWEL CLASSIC DESIGN,22.5
RED TOADSTOOL LED NIGHT LIGHT,678.96
RED VICTORIAN FABRIC OVAL BOX,0.84
RED WHITE SCARF  HOT WATER BOTTLE,32.74
RED WOOLLY HOTTIE WHITE HEART.,2132.88
REGENCY CAKESTAND 3 TIER,3480.09
RETRO COFFEE MUGS ASSORTED,250.34
RETRO LONGBOARD IRONING BOARD COVER,9.66
RETRO MOD TRAY,14.45
RETRO PLASTIC ELEPHANT TRAY,0.85
RETROSPOT BABUSHKA DOORSTOP,15
RETROSPOT CHILDRENS APRON,305.55
RETROSPOT CIGAR BOX MATCHES ,36.25
RETROSPOT GIANT TUBE MATCHES,45.9
RETROSPOT HEART HOT WATER BOTTLE,304.95
RETROSPOT LAMP,79.6
RETROSPOT LARGE MILK JUG,100.5
RETROSPOT PARTY BAG + STICKER SET,52.8
RETROSPOT RED WASHING UP GLOVES,21.01
RETROSPOT SMALL TUBE MATCHES,66
RETROSPOT TEA SET CERAMIC 11 PC ,97.75
REX CASH+CARRY JUMBO SHOPPER,13.3
RIBBON REEL CHRISTMAS PRESENT ,61.23
RIBBON REEL CHRISTMAS SOCK BAUBLE,58.23
RIBBON REEL FLORA + FAUNA ,11.73
RIBBON REEL LACE DESIGN ,4.21
RIBBON REEL MAKING SNOWMEN ,54.45
RIBBON REEL POLKADOTS ,3.36
RIBBON REEL SNOWY VILLAGE,77.79
RIBBON REEL SOCKS AND MITTENS,29.88
RIBBON REEL STRIPES DESIGN ,59.82
RIDGED GLASS FINGER BOWL,8.7
RIDGED GLASS POSY VASE ,3.36
RIDGED GLASS STORAGE JAR CREAM LID,18.75
RING OF ROSES BIRTHDAY CARD,5.04
ROBOT BIRTHDAY CARD,10.93
ROCKING HORSE GREEN CHRISTMAS ,0.85
ROCKING HORSE RED CHRISTMAS ,75.84
ROMANTIC IMAGES NOTEBOOK SET,17
ROMANTIC PINKS RIBBONS ,18.75
ROSE 3 WICK MORRIS BOX CANDLE,4.25
ROSE CARAVAN DOORSTOP,41.43
ROSE COTTAGE KEEPSAKE BOX ,326.49
ROSE DU SUD COSMETICS BAG,3.36
ROSE DU SUD DRAWSTRING BAG,6.72
ROSE FOLKART HEART DECORATIONS,2.51
ROSE SCENT CANDLE JEWELLED DRAWER,4.25
ROSES REGENCY TEACUP AND SAUCER ,118.06
ROTATING LEAVES T-LIGHT HOLDER,28.87
ROTATING SILVER ANGELS T-LIGHT HLDR,561.55
ROUND CAKE TIN VINTAGE GREEN,32.03
ROUND CAKE TIN VINTAGE RED,63.6
ROUND SNACK BOXES SET OF 4 FRUITS ,245.55
ROUND SNACK BOXES SET OF 4 SKULLS,11.8
ROUND SNACK BOXES SET OF4 WOODLAND ,126.85
RUBY GLASS CLUSTER EARRINGS,1.26
RUSTIC  SEVENTEEN DRAWER SIDEBOARD,165
S/15 SILVER GLASS BAUBLES IN BAG,48.76
S/4 CACTI CANDLES,68
S/4 VALENTINE DECOUPAGE HEART BOX,41.3
S/6 SEW ON CROCHET FLOWERS,2.5
S/6 WOODEN SKITTLES IN COTTON BAG,26.55
SALLE DE BAIN HOOK,17.51
SANDWICH BATH SPONGE,31.3
SAVE THE PLANET COTTON TOTE BAG,19.12
SAVE THE PLANET MUG,117.17
SCANDINAVIAN REDS RIBBONS,92.58
SCENTED CANDLE IN DIGITALIS TIN,12.6
SCOTTIE DOG HOT WATER BOTTLE,357.05
SCOTTIE DOGS BABY BIB,4.25
SCOTTIES CHILDRENS APRON,43.14
SEASIDE FLYING DISC,1.25
SET 10 LIGHTS NIGHT OWL,210.3
SET 12 KIDS  WHITE CHALK STICKS,0.42
SET 12 KIDS COLOUR  CHALK STICKS,10.5
SET 12 LAVENDER  BOTANICAL T-LIGHTS,20.65
SET 12 RETRO WHITE CHALK STICKS,2.1
SET 20 NAPKINS FAIRY CAKES DESIGN ,0.85
"SET 3 RETROSPOT TEA,COFFEE,SUGAR",30.82
SET 3 WICKER OVAL BASKETS W LIDS,127.65
SET 6 FOOTBALL CELEBRATION CANDLES,30
SET 7 BABUSHKA NESTING BOXES,1836
SET OF 12  VINTAGE POSTCARD SET,7.53
SET OF 16 VINTAGE PISTACHIO CUTLERY,12.75
SET OF 2 CHRISTMAS DECOUPAGE CANDLE,19.98
SET OF 2 ROUND TINS DUTCH CHEESE,2.95
SET OF 2 TEA TOWELS APPLE AND PEARS,50.2
SET OF 2 TEA TOWELS PING MICROWAVE,5.02
SET OF 2 TINS JARDIN DE PROVENCE,9.9
SET OF 2 TINS VINTAGE BATHROOM ,21.19
SET OF 2 WOODEN MARKET CRATES,51
SET OF 20 KIDS COOKIE CUTTERS,222.65
SET OF 20 VINTAGE CHRISTMAS NAPKINS,167.29
SET OF 3 BABUSHKA STACKING TINS,24.75
SET OF 3 BIRD LIGHT PINK FEATHER ,5.02
SET OF 3 BLACK FLYING DUCKS,32.55
SET OF 3 BUTTERFLY COOKIE CUTTERS,38.81
SET OF 3 COLOURED  FLYING DUCKS,825.6
SET OF 3 CONEY ISLAND OVAL BOXES,10.17
SET OF 3 GOLD FLYING DUCKS,25.4
SET OF 3 HEART COOKIE CUTTERS,36.27
SET OF 3 NOTEBOOKS IN PARCEL,78.03
SET OF 36 PAISLEY FLOWER DOILIES,16.35
SET OF 4 ENGLISH ROSE COASTERS,20.02
SET OF 4 ENGLISH ROSE PLACEMATS,37.74
SET OF 4 FAIRY CAKE PLACEMATS,15
SET OF 4 FAIRY CAKE PLACEMATS ,7.5
SET OF 4 NAPKIN CHARMS 3 KEYS ,2.55
SET OF 4 NAPKIN CHARMS CROWNS ,2.55
SET OF 4 NAPKIN CHARMS CUTLERY,22.95
SET OF 4 NAPKIN CHARMS HEARTS,7.61
SET OF 4 NAPKIN CHARMS INSTRUMENT,5.1
SET OF 4 NAPKIN CHARMS LEAVES   ,10.2
SET OF 4 NAPKIN CHARMS STARS   ,10.2
SET OF 4 ROSE BOTANICAL CANDLES,3.75
SET OF 6 3D KIT CARDS FOR KIDS,13.52
SET OF 6 CAKE CHOPSTICKS,1.25
SET OF 6 FUNKY BEAKERS,11.81
SET OF 6 GIRLS CELEBRATION CANDLES,15
SET OF 6 HALLOWEEN GHOST T-LIGHTS,0.85
SET OF 6 KASHMIR FOLKART BAUBLES,8.5
SET OF 6 RIBBONS VINTAGE CHRISTMAS,20.24
SET OF 6 SOLDIER SKITTLES,135.12
SET OF 6 STRAWBERRY CHOPSTICKS,8.78
SET OF 6 T-LIGHTS SANTA,23.6
SET OF 6 T-LIGHTS SNOWMEN,29.51
SET OF 6 T-LIGHTS TOADSTOOLS,70.8
SET OF 6 T-LIGHTS WEDDING CAKE ,17.7
SET OF 6 VINTAGE NOTELETS KIT,5.02
SET OF 72 GREEN PAPER DOILIES,5.8
SET OF 72 PINK HEART PAPER DOILIES,17.88
SET OF 72 RETROSPOT PAPER  DOILIES,58.08
SET OF 72 SKULL PAPER  DOILIES,1.45
SET OF 9 BLACK SKULL BALLOONS,18.66
SET OF 9 HEART SHAPED BALLOONS,3.75
SET OF SALT AND PEPPER TOADSTOOLS,-8.75
SET/10 BLUE POLKADOT PARTY CANDLES,5
SET/10 IVORY POLKADOT PARTY CANDLES,1.25
SET/10 PINK POLKADOT PARTY CANDLES,6.25
SET/10 RED POLKADOT PARTY CANDLES,52.57
SET/12 TAPER CANDLES,11.05
SET/2 RED RETROSPOT TEA TOWELS ,94.45
SET/20 RED RETROSPOT PAPER NAPKINS ,191.45
SET/3 CHRISTMAS DECOUPAGE CANDLES,95.94
SET/3 DECOUPAGE STACKING TINS,10.17
SET/3 OCEAN SCENT CANDLE JEWEL BOX,8.47
SET/3 RED GINGHAM ROSE STORAGE BOX,48.75
SET/3 ROSE CANDLE IN JEWELLED BOX,16.94
SET/3 VANILLA SCENTED CANDLE IN BOX,16.97
SET/4 BADGES CUTE CREATURES,6.25
SET/4 BADGES DOGS,2.51
SET/4 BLUE FLOWER CANDLES IN BOWL,6.72
SET/4 GARDEN ROSE DINNER CANDLE,1.65
SET/4 MODERN VINTAGE COTTON NAPKINS,2.95
SET/4 RED MINI ROSE CANDLE IN BOWL,4.98
SET/5 RED RETROSPOT LID GLASS BOWLS,447.39
SET/6 PINK BIRD T-LIGHT CANDLES,4.21
SET/6 RED SPOTTY PAPER CUPS,66.3
SET/6 RED SPOTTY PAPER PLATES,137.94
SET/9 CHRISTMAS T-LIGHTS SCENTED ,6.25
SET3 BOOK BOX GREEN GINGHAM FLOWER ,51
SEWING SUSAN 21 NEEDLE SET,8.3
SHOE SHINE BOX ,19.9
SILK PURSE BABUSHKA BLUE,3.35
SILK PURSE BABUSHKA PINK,70.42
SILK PURSE BABUSHKA RED,57.16
SILVER  CANDLEPOT JARDIN ,15
SILVER CHRISTMAS TREE BAUBLE STAND ,16.95
SILVER DIAMANTE PEN IN GIFT BOX,4.95
SILVER FISHING GNOME ,-13.9
SILVER GLASS T-LIGHT SET,23.6
SILVER HANGING T-LIGHT HOLDER,42.96
SILVER LARIAT BLACK STONE EARRINGS,4.24
SILVER LOOKING MIRROR,14.85
SILVER M.O.P ORBIT DROP EARRINGS,4.24
SILVER PLATE CANDLE BOWL SMALL,35.4
SILVER/AMETHYST DROP EARRINGS LEAF,2.96
SINGLE HEART ZINC T-LIGHT HOLDER,75.74
SKULL AND CROSSBONES  GARLAND ,26.52
SKULL SHOULDER BAG,19.86
SKULLS  DESIGN  COTTON TOTE BAG,2.25
SKULLS  STICKERS,40.68
SKULLS  WATER TRANSFER TATTOOS ,20.36
SKULLS AND CROSSBONES WRAP,10.5
SKULLS DESIGN FLANNEL,6.64
SKULLS GREETING CARD,5.04
SKULLS PARTY BAG + STICKER SET,13.2
SKULLS SQUARE TISSUE BOX,8.77
SKULLS STORAGE BOX SMALL,10.5
SKULLS WRITING SET ,9.96
SLATE TILE NATURAL HANGING,9.96
SLEEPING CAT ERASERS,74.5
SMALL CHINESE STYLE SCISSOR,4.2
SMALL FOLKART STAR CHRISTMAS DEC,20.16
SMALL GLASS HEART TRINKET POT,238.1
SMALL HANGING GLASS+ZINC LANTERN,17.4
SMALL HANGING IVORY/RED WOOD BIRD,42.94
SMALL HEART FLOWERS HOOK ,30.48
SMALL HEART MEASURING SPOONS,26.27
SMALL LICORICE DES PINK BOWL,1.25
SMALL MEDINA STAMPED METAL BOWL ,2.51
SMALL PINK MAGIC CHRISTMAS TREE,0.85
SMALL POPCORN HOLDER,306.01
SMALL PURPLE BABUSHKA NOTEBOOK ,15.18
SMALL RED BABUSHKA NOTEBOOK ,4.17
SMALL RED RETROSPOT MUG IN BOX ,22.5
SMALL REGAL  SILVER CANDLEPOT ,35.4
SMALL SQUARE CUT GLASS CANDLESTICK,30.24
SMALL STRIPES CHOCOLATE GIFT BAG ,13.6
SMALL WHITE RETROSPOT MUG IN BOX ,30.12
SMALL YELLOW BABUSHKA NOTEBOOK ,7.65
SMALLFOLKART BAUBLE CHRISTMAS DEC,51.94
SNOWFLAKE PORTABLE TABLE LIGHT ,5.9
SNOWSTORM PHOTO FRAME FRIDGE MAGNET,1.7
SOAP DISH BROCANTE,61.96
SOFT PINK ROSE TOWEL ,3.36
SOLDIERS EGG CUP ,176.35
SPACE CADET BLACK,1.25
SPACE CADET RED,1.25
SPACE CADET WHITE,2.5
SPACE FROG,1.25
SPACE OWL,2.5
SPACEBOY BIRTHDAY CARD,10.08
SPACEBOY CHILDRENS EGG CUP,30.04
SPACEBOY GIFT WRAP,10.5
SPACEBOY LUNCH BOX ,221.86
SPACEBOY TV DINNER TRAY,4.95
SPOTTY PINK DUCK DOORSTOP,21.22
SQUARE FLOOR CUSHION VINTAGE RED,7.95
SQUARECUSHION COVER PINK UNION FLAG,74.25
STAR  T-LIGHT HOLDER ,7.25
STAR DECORATION PAINTED ZINC ,16.9
STAR DECORATION RUSTIC,2.55
STAR PORTABLE TABLE LIGHT ,327.41
STAR WOODEN CHRISTMAS DECORATION,49.1
STARS GIFT TAPE ,31.2
STRAWBERRY BATH SPONGE ,133.78
STRAWBERRY CERAMIC TRINKET BOX,711.55
STRAWBERRY CHARLOTTE BAG,11.86
STRAWBERRY DREAM CHILDS UMBRELLA,6.77
STRAWBERRY FAIRY CAKE TEAPOT,22.04
STRAWBERRY HONEYCOMB  GARLAND ,19.8
STRAWBERRY LUNCH BOX WITH CUTLERY,43.27
STRAWBERRY RAFFIA FOOD COVER,3.75
STRAWBERRY SHOPPER BAG,3.76
STRING OF STARS CARD HOLDER,17.7
STRIPEY CHOCOLATE NESTING BOXES,23.61
SUKI  SHOULDER BAG,18.33
SUNSET COLOUR CHUNKY KNITTED THROW,11.02
SWALLOW SQUARE TISSUE BOX,2.5
SWALLOW WOODEN CHRISTMAS DECORATION,43.35
SWALLOWS GREETING CARD,10.08
SWEET PUDDING STICKER SHEET,11.86
SWEETHEART CAKESTAND 3 TIER,59.7
SWEETHEART CERAMIC TRINKET BOX,85.12
SWEETHEART RECIPE BOOK STAND,81.21
SWEETHEART WIRE MAGAZINE RACK,39.98
SWEETHEART WIRE WALL TIDY,19.9
SWIRLY CIRCULAR RUBBERS IN BAG,0.84
SWISS CHALET TREE DECORATION ,52.7
"SWISS ROLL TOWEL, CHOCOLATE  SPOTS",67.87
TABLE LAMP WHITE SHADE WOOD BASE,11.9
TALL ROCOCO CANDLE HOLDER,16.98
TEA BAG PLATE RED RETROSPOT,8.3
TEA COSY BLUE STRIPE,5.06
TEA COSY RED  STRIPE,10.12
TEA PARTY BIRTHDAY CARD,5.04
TEA TIME DES TEA COSY,10.16
TEA TIME KITCHEN APRON,48.42
TEA TIME OVEN GLOVE,5.02
TEA TIME PARTY BUNTING,31.72
TEA TIME TABLE CLOTH,10.65
TEATIME PEN CASE & PENS,0.85
THREE CANVAS LUGGAGE TAGS,1.95
T-LIGHT GLASS FLUTED ANTIQUE,116.39
T-LIGHT HOLDER HANGING LACE,15
TOADSTOOL MONEY BOX,35.4
TOAST ITS - BEST MUM,31.36
TOAST ITS - DINOSAUR,1.25
TOAST ITS - FAIRY FLOWER,17.51
TOAST ITS - HAPPY BIRTHDAY,2.5
TOAST ITS - I LOVE YOU ,30
TOILET METAL SIGN,14.3
TOMATO CHARLIE+LOLA COASTER SET,17.7
TOOL BOX SOFT TOY ,78.71
TOOTHPASTE TUBE PEN,12.92
TOTE BAG I LOVE LONDON,33.6
TOY TIDY DOLLY GIRL DESIGN,33.67
TOY TIDY PINK POLKADOT,96.71
TOY TIDY SPACEBOY  ,14.71
TRADITIONAL CHRISTMAS RIBBONS,72.53
TRADITIONAL MODELLING CLAY,10.02
TRADITIONAL WOODEN CATCH CUP GAME ,26.29
TRADITIONAL WOODEN SKIPPING ROPE,57.54
TRAVEL SEWING KIT,99
"TRAY, BREAKFAST IN BED",38.24
TRIPLE PHOTO FRAME CORNICE ,69.65
TROPICAL PASSPORT COVER ,4.21
"TUMBLER, BAROQUE",12.72
"TUMBLER, NEW ENGLAND",12.72
TURQUOISE CHRISTMAS TREE ,2.5
TURQUOISE GLASS TASSLE BAG CHARM ,1.66
TV DINNER TRAY AIR HOSTESS ,15.97
TV DINNER TRAY DOLLY GIRL,52.86
TV DINNER TRAY VINTAGE PAISLEY,4.95
TWO DOOR CURIO CABINET,25.5
UNION JACK FLAG LUGGAGE TAG,2.5
UNION JACK FLAG PASSPORT COVER ,121.68
UNION STRIPE CUSHION COVER ,15
UNION STRIPE WITH FRINGE  HAMMOCK,57.81
URBAN BLACK RIBBONS ,8.76
VANILLA INCENSE 40 CONES IN TIN,7.5
VANILLA SCENT CANDLE JEWELLED BOX,17
VICTORIAN  METAL POSTCARD SPRING,40.56
VICTORIAN GLASS HANGING T-LIGHT,141.46
VICTORIAN SEWING BOX LARGE,490.61
VICTORIAN SEWING BOX MEDIUM,95.86
VICTORIAN SEWING BOX SMALL ,83.3
VICTORIAN SEWING KIT,145.01
VINTAGE BILLBOARD DRINK ME MUG,153.03
VINTAGE BILLBOARD LOVE/HATE MUG,119.27
VINTAGE BILLBOARD MUG ,17.51
VINTAGE BILLBOARD TEA MUG,35.02
VINTAGE BLUE TINSEL REEL,0.84
VINTAGE CREAM 3 BASKET CAKE STAND,39.8
VINTAGE CREAM CAT FOOD CONTAINER,12.7
VINTAGE CREAM DOG FOOD CONTAINER,50.96
VINTAGE GLASS COFFEE CADDY,29.69
VINTAGE HEADS AND TAILS CARD GAME ,436.49
VINTAGE KEEPSAKE BOX PARIS DAYS,25.42
VINTAGE KID DOLLY CARD ,8.64
VINTAGE KITCHEN PRINT FRUITS,5.06
VINTAGE KITCHEN PRINT SEAFOOD,5.06
VINTAGE PAISLEY STATIONERY SET,62
VINTAGE POST OFFICE CABINET,79.95
VINTAGE RED KITCHEN CABINET,295
VINTAGE RED TEATIME MUG,32.51
VINTAGE SEASIDE JIGSAW PUZZLES,67.62
VINTAGE SHELLS PRINT,12.72
VINTAGE SNAKES & LADDERS,67.86
VINTAGE SNAP CARDS,221.27
VINTAGE UNION JACK APRON,76.45
VINTAGE UNION JACK BUNTING,25.5
VINTAGE UNION JACK CUSHION COVER,89.1
VINTAGE UNION JACK DOORSTOP,5.95
VINTAGE UNION JACK MEMOBOARD,19.9
VIPPASSPORT COVER ,4.21
WAKE UP COCKEREL TILE COASTER,5
WALL TIDY RETROSPOT ,10.52
WASH BAG VINTAGE ROSE PAISLEY,17.73
WASHROOM METAL SIGN,56.16
WATERING CAN BLUE ELEPHANT,11.7
WATERING CAN GARDEN MARKER,17.52
WATERING CAN GREEN DINOSAUR,11.7
WATERING CAN PINK BUNNY,15.91
WEEKEND BAG VINTAGE ROSE PAISLEY,527.85
WELCOME  WOODEN BLOCK LETTERS,69.65
WHITE BAMBOO RIBS LAMPSHADE,3.4
WHITE BELL HONEYCOMB PAPER ,11.67
WHITE BROCANTE SOAP DISH,5.91
WHITE CHRISTMAS GARLAND STARS TREES,15
WHITE GOOSE FEATHER CHRISTMAS TREE ,22.86
WHITE HANGING HEART T-LIGHT HOLDER,2021.83
WHITE HONEYCOMB PAPER GARLAND ,13.44
WHITE JEWELLED HEART DECORATION,20.4
WHITE LOVEBIRD LANTERN,23.61
WHITE METAL LANTERN,437.05
WHITE SKULL HOT WATER BOTTLE ,249.06
WHITE SPOT BLUE CERAMIC DRAWER KNOB,150
WHITE SPOT RED CERAMIC DRAWER KNOB,53.75
WHITE STITCHED CUSHION COVER,20.85
WHITE TALL PORCELAIN T-LIGHT HOLDER,2.55
WHITE TRAVEL ALARM CLOCK,7.53
WHITE WIRE EGG HOLDER,237.6
WHITE WOOD GARDEN PLANT LADDER,60.66
WHITE/PINK MINI CRYSTALS NECKLACE,5.51
WICKER STAR ,58.85
WICKER WREATH LARGE,43.21
WICKER WREATH SMALL,28.47
WOOD 2 DRAWER CABINET WHITE FINISH,297.05
WOOD AND GLASS MEDICINE CABINET,29.95
WOOD BLACK BOARD ANT WHITE FINISH,45.15
WOOD S/3 CABINET ANT WHITE FINISH,411.1
WOOD STAMP SET BEST WISHES,19.8
WOOD STAMP SET HAPPY BIRTHDAY,19.8
WOOD STAMP SET THANK YOU,23.16
WOOD STOCKING CHRISTMAS SCANDISPOT,4.21
WOODEN ADVENT CALENDAR CREAM,50.95
WOODEN ADVENT CALENDAR RED,67.9
WOODEN BOX OF DOMINOES,86.29
WOODEN CROQUET GARDEN SET,25.49
WOODEN FRAME ANTIQUE WHITE ,348.05
WOODEN HAPPY BIRTHDAY GARLAND,20.65
WOODEN HEART CHRISTMAS SCANDINAVIAN,21.25
WOODEN OWLS LIGHT GARLAND ,715.04
WOODEN PICTURE FRAME WHITE FINISH,189
WOODEN ROUNDERS GARDEN SET ,39.8
WOODEN SCHOOL COLOURING SET,85.86
WOODEN STAR CHRISTMAS SCANDINAVIAN,4.25
WOODEN TREE CHRISTMAS SCANDINAVIAN,56.95
WOODEN UNION JACK BUNTING,30.57
WOODLAND  HEIGHT CHART STICKERS ,29.52
WOODLAND CHARLOTTE BAG,98.62
WOODLAND DESIGN  COTTON TOTE BAG,4.5
WOODLAND PARTY BAG + STICKER SET,3.36
WOODLAND STORAGE BOX SMALL,2.1
WORLD WAR 2 GLIDERS ASSTD DESIGNS,546.24
WOVEN BERRIES CUSHION COVER ,4.21
WRAP CHRISTMAS SCREEN PRINT,10.5
WRAP COWBOYS  ,10.5
WRAP GREEN PEARS ,10.5
WRAP PINK FAIRY CAKES ,10.5
WRAP RED APPLES ,10.5
"WRAP, BILLBOARD FONTS DESIGN",10.5
YELLOW BREAKFAST CUP AND SAUCER,2.95
YELLOW COAT RACK PARIS FASHION,14.85
YELLOW GIANT GARDEN THERMOMETER,35.67
YELLOW METAL CHICKEN HEART ,3.36
YELLOW SHARK HELICOPTER,40.79
YELLOW/PINK CERAMIC CANDLE HOLDER,3.36
YOU'RE CONFUSING ME METAL SIGN ,53.22
YULETIDE IMAGES GIFT WRAP SET,35.16
ZINC FINISH 15CM PLANTER POTS,15
ZINC HEART LATTICE T-LIGHT HOLDER,2.51
ZINC METAL HEART DECORATION,78.75
ZINC WILLIE WINKIE  CANDLE STICK,19.39
(blank),0
Grand Total,102187.54
